Workbook

Sheet Riepilogo
A1: TASK · Controllo tessere - Riepilogo del match
A2: Squadra casa - Squadra ospite | B2: elaborazione del DD/MM/AAAA alle HH:MM
A3: Foglio di riepilogo con criticità riscontrate
A5: Controllo | B5: Casa · TC RUNGG | C5: Ospite · CT ZAVAGLIA | D5: Come si legge
A6: Giocatori controllati | B6: =COUNTA(Casa!$B$9:$B$24) -> 16 | C6: =COUNTA(Ospite!$B$9:$B$21) -> 13 | D6: Righe in lista (= giocatori in lista)
A7: ✔ OK | B7: =COUNTIF(Casa!$A$9:$A$24,"✔ OK") -> 13 | C7: =COUNTIF(Ospite!$A$9:$A$21,"✔ OK") -> 10 | D7: OK se non ci sono differenze tra SGAT, Tess e Lista
A8: ✖ NO | B8: =COUNTIF(Casa!$A$9:$A$24,"✖ NO") -> 0 | C8: =COUNTIF(Ospite!$A$9:$A$21,"✖ NO") -> 0 | D8: NO se i dati non cioncidono, richiede verifica
A9: ⚠ VERIFICA | B9: =COUNTIF(Casa!$A$9:$A$24,"⚠ VERIFICA") -> 0 | C9: =COUNTIF(Ospite!$A$9:$A$21,"⚠ VERIFICA") -> 0 | D9: Un dato non è stato letto: non è mai verde, va riletto
A10: Variati in tessera (letti) | B10: =COUNTIF(Casa!$R$9:$R$24,"T")+COUNTIF(Casa!$R$9:$R$24,"N")+COUNTIF(Casa!$R$9:$R$24,"S") -> 3 | C10: =COUNTIF(Ospite!$R$9:$R$21,"T")+COUNTIF(Ospite!$R$9:$R$21,"N")+COUNTIF(Ospite!$R$9:$R$21,"S") -> 3 | D10: Valori T, N, S letti dalla tessera (la fonte che fa fede)
A11: Variati in lista | B11: =COUNTIF(Casa!$Q$9:$Q$24,"T")+COUNTIF(Casa!$Q$9:$Q$24,"N")+COUNTIF(Casa!$Q$9:$Q$24,"S") -> 3 | C11: =COUNTIF(Ospite!$Q$9:$Q$21,"T")+COUNTIF(Ospite!$Q$9:$Q$21,"N")+COUNTIF(Ospite!$Q$9:$Q$21,"S") -> 3 | D11: Valori T, N, S scritti nel PDF della lista
A12: Variati NON letti in tessera | B12: =COUNTIF(Casa!$R$9:$R$24,"NON LETTO") -> 0 | C12: =COUNTIF(Ospite!$R$9:$R$21,"NON LETTO") -> 0 | D12: Se > 0 il conteggio non è affidabile
A13: Limite variati (da compilare) | B13: 2 | C13: 2 | D13: Limite da RTS per quel campionato
A14: Esito variati | B14: =IF(OR(B10<>B11,B12>0),"✖ tessera e lista non coincidono",IF(B13="","limite non impostato",IF(B11>B13,"✖ oltre il limite attento alla formazione","✔ nei limiti"))) -> ✖ oltre il limite attento alla formazione | C14: =IF(OR(C10<>C11,C12>0),"✖ tessera e lista non coincidono",IF(C13="","limite non impostato",IF(C11>C13,"✖ oltre il limite, attento alla formazione","✔ nei limiti"))) -> ✖ oltre il limite, attento alla formazione | D14: Controlllo riga per riga dai fogli Casa e Ospite
A16: Vivaio in tessera (letti) | B16: =COUNTIF(Casa!$T$9:$T$24,"Sì") -> 6 | C16: =COUNTIF(Ospite!$T$9:$T$21,"Sì") -> 8
A17: Vivaio in lista | B17: =COUNTIF(Casa!$S$9:$S$24,"Sì") -> 6 | C17: =COUNTIF(Ospite!$S$9:$S$21,"Sì") -> 8
A18: Vivaio NON letti in tessera | B18: =COUNTIF(Casa!$T$9:$T$24,"NON LETTO") -> 0 | C18: =COUNTIF(Ospite!$T$9:$T$21,"NON LETTO") -> 0
A20: ESITO GENERALE | B20: =IF(AND(B8=0,B9=0),"✔ nessuna discrepanza","✖ "&(B8+B9)&" righe da controllare") -> ✔ nessuna discrepanza | C20: =IF(AND(C8=0,C9=0),"✔ nessuna discrepanza","✖ "&(C8+C9)&" righe da controllare") -> ✔ nessuna discrepanza | D20: Verde solo se non ci sono né ✖ né ⚠
A22: Legenda
A23: — | B23: Verificato: il dato non c'è (es. giocatore non variato). Mai celle vuote.
A24: NON LETTO | B24: La fonte non ha dato il valore (es. pagina tessera non letta). Non è mai verde.
A25: Cella rossa | B25: Lista e tessera discordano: la cella mostra il valore della tessera e, tra parentesi, quello della lista.
A26: Colonne grigie (N:V) | B26: Dettaglio delle fonti, raggruppate e chiuse nei fogli squadra: clic sul + sopra le lettere per aprirle.
A27: ATP/WTA | B27: Le due colonne 1-500 e 501> sono unite: il numero stesso dice la fascia.

Sheet Casa
A1: CASA · TC RUNGG - SUEDTIROL - YOGURTERIA
A2: Generato il 12/10/2026 12:02 · fonti: lista campionato (PDF), SGAT, tessere FITP · ESEMPIO DI LAYOUT su dati reali del foglio caricato
A4: Esito squadra | B4: =COUNTIF($A$9:$A$24,"✔ OK")&" ✔ OK · "&COUNTIF($A$9:$A$24,"✖ NO")&" ✖ NO · "&COUNTIF($A$9:$A$24,"⚠ VERIFICA")&" ⚠ da verificare" -> 13 ✔ OK · 0 ✖ NO · 0 ⚠ da verificare
A5: Variati | B5: ="tessera "&(COUNTIF($R$9:$R$24,"T")+COUNTIF($R$9:$R$24,"N")+COUNTIF($R$9:$R$24,"S"))&" · lista "&(COUNTIF($Q$9:$Q$24,"T")+COUNTIF($Q$9:$Q$24,"N")+COUNTIF($Q$9:$Q$24,"S"))&" · non letti in tessera "&COUNTIF($R$9:$R$24,"NON LETTO") -> tessera 3 · lista 3 · non letti in tessera 0
A6: Vivaio | B6: ="tessera "&COUNTIF($T$9:$T$24,"Sì")&" · lista "&COUNTIF($S$9:$S$24,"Sì")&" · non letti in tessera "&COUNTIF($T$9:$T$24,"NON LETTO") -> tessera 6 · lista 6 · non letti in tessera 0
A8: Esito | B8: N. | C8: Cognome Nome | D8: Tessera | E8: Classifica | F8: Variato | G8: Vivaio | H8: Nazionalità | I8: Cert. medico | J8: ATP/WTA | K8: Schier. | L8: Note | M8: Link tessera | N8: Class. Lista | O8: Class. SGAT | P8: Class. Tess. | Q8: Var. Lista | R8: Var. Tess. | S8: Viv. Lista | T8: Viv. Tess. | U8: Naz. Lista | V8: Cittad. Tess.
A9: OK | B9: 1 | C9: WINKLER Georg | D9: 6761518337 | E9: 3.1 | F9: — | G9: Sì | H9: Italia | I9: Valido | J9: — | K9: 16 | M9: Tessera WINKLER | N9: 3.1 | O9: 3.1 | P9: 3.1 | Q9: — | R9: — | S9: Sì | T9: Sì | U9: ITALIA | V9: Italia
A10: VERIFICA | B10: 2 | C10: BORTOLOTTI Marco | D10: 2292620932 | E10: 2.6 | F10: — | G10: No | H10: Italia | I10: Valido | J10: — | K10: 14= | M10: Tessera BORTOLOTTI | N10: 2.6 | O10: 2.6 | P10: 2.6 | Q10: — | R10: — | S10: — | T10: No | U10: ITALIA | V10: Italia
A11: NO | B11: 3 | C11: TROCKER Moritz | D11: 7431403426 | E11: 2.6 | F11: — | G11: Sì | H11: Italia | I11: Valido | J11: — | K11: 14= | M11: Tessera TROCKER | N11: 2.6 | O11: 2.6 | P11: 2.6 | Q11: — | R11: — | S11: Sì | T11: Sì | U11: ITALIA | V11: Italia
A12: ✔ OK | B12: 4 | C12: CONA Mattia | D12: 2049680767 | E12: 2.5 | F12: — | G12: Sì | H12: Italia | I12: Valido | J12: — | K12: 13 | M12: Tessera CONA | N12: 2.5 | O12: 2.5 | P12: 2.5 | Q12: — | R12: — | S12: Sì | T12: Sì | U12: ITALIA | V12: Italia
A13: ✔ OK | B13: 5 | C13: BEDENE Aljaz | D13: 6632579644 | E13: 2.4 | F13: T | G13: No | H13: Slovenia | I13: Valido | J13: — | K13: 12 | M13: Tessera BEDENE | N13: 2.4 | O13: 2.4 | P13: 2.4 | Q13: T | R13: T | S13: — | T13: No | U13: SLOVENIA | V13: Slovenia
A14: ✔ OK | B14: 6 | C14: FIGL Maximilian | D14: 4635663538 | E14: 2.3 | F14: — | G14: Sì | H14: Italia | I14: Valido | J14: 1150 | K14: 10 | M14: Tessera FIGL | N14: 2.3 | O14: 2.3 | P14: 2.3 | Q14: — | R14: — | S14: Sì | T14: Sì | U14: ITALIA | V14: Italia
A15: ✔ OK | B15: 7 | C15: TOFFANIN Nicolo' | D15: 3323883333 | E15: 2.3 | F15: — | G15: Sì | H15: Italia | I15: Valido | J15: 1175 | K15: 11 | M15: Tessera TOFFANIN | N15: 2.3 | O15: 2.3 | P15: 2.3 | Q15: — | R15: — | S15: Sì | T15: Sì | U15: ITALIA | V15: Italia
A16: ✔ OK | B16: 8 | C16: EJUPOVIC Elmar | D16: 5127605675 | E16: 2.2 | F16: — | G16: No | H16: Germania | I16: Valido | J16: 917 | K16: 9 | M16: Tessera EJUPOVIC | N16: 2.2 | O16: 2.2 | P16: 2.2 | Q16: — | R16: — | S16: — | T16: No | U16: GERMANIA | V16: Germania
A17: ✔ OK | B17: 9 | C17: WEIS Alexander | D17: 3753643536 | E17: 2.2 | F17: — | G17: Sì | H17: Italia | I17: Valido | J17: 584 | K17: 8 | M17: Tessera WEIS | N17: 2.2 | O17: 2.2 | P17: 2.2 | Q17: — | R17: — | S17: Sì | T17: Sì | U17: ITALIA | V17: Italia
A18: ✔ OK | B18: 10 | C18: DALLA VALLE Enrico | D18: 6454451534 | E18: 2.1 | F18: T | G18: No | H18: Italia | I18: Valido | J18: 333 | K18: 7 | M18: Tessera DALLA VALLE | N18: 2.1 | O18: 2.1 | P18: 2.1 | Q18: T | R18: T | S18: — | T18: No | U18: ITALIA | V18: Italia
A19: ✔ OK | B19: 11 | C19: GEERTS Michael Lieven P. | D19: 2356108325 | E19: 2.1 | F19: — | G19: No | H19: Belgio | I19: Valido | J19: 326 | K19: 6 | M19: Tessera GEERTS | N19: 2.1 | O19: 2.1 | P19: 2.1 | Q19: — | R19: — | S19: — | T19: No | U19: BELGIO | V19: Belgio
A20: ✔ OK | B20: 12 | C20: HOUKES Max | D20: 7611815938 | E20: 2.1 | F20: N | G20: No | H20: Paesi Bassi | I20: Valido | J20: 240 | K20: 3 | M20: Tessera HOUKES | N20: 2.1 | O20: 2.1 | P20: 2.1 | Q20: N | R20: N | S20: — | T20: No | U20: PAESI BASSI | V20: Paesi Bassi
... A24: ✔ OK | B24: 16 | C24: AGAMENONE Franco Gabriel | D24: 9278438041 | E24: 1.20 | F24: — | G24: No | H24: Italia | I24: Valido | J24: 291 | K24: 5 | M24: Tessera AGAMENONE | N24: 1.20 | O24: 1.20 | P24: 1.20 | Q24: — | R24: — | S24: — | T24: No | U24: ITALIA | V24: Italia

Sheet Ospite
A1: OSPITE · CT ZAVAGLIA
A2: Generato il 12/10/2026 12:02 · fonti: lista campionato (PDF), SGAT, tessere FITP · ESEMPIO DI LAYOUT su dati reali del foglio caricato
A4: Esito squadra | B4: =COUNTIF($A$9:$A$21,"✔ OK")&" ✔ OK · "&COUNTIF($A$9:$A$21,"✖ NO")&" ✖ NO · "&COUNTIF($A$9:$A$21,"⚠ VERIFICA")&" ⚠ da verificare" -> 10 ✔ OK · 0 ✖ NO · 0 ⚠ da verificare
A5: Variati | B5: ="tessera "&(COUNTIF($R$9:$R$21,"T")+COUNTIF($R$9:$R$21,"N")+COUNTIF($R$9:$R$21,"S"))&" · lista "&(COUNTIF($Q$9:$Q$21,"T")+COUNTIF($Q$9:$Q$21,"N")+COUNTIF($Q$9:$Q$21,"S"))&" · non letti in tessera "&COUNTIF($R$9:$R$21,"NON LETTO") -> tessera 3 · lista 3 · non letti in tessera 0
A6: Vivaio | B6: ="tessera "&COUNTIF($T$9:$T$21,"Sì")&" · lista "&COUNTIF($S$9:$S$21,"Sì")&" · non letti in tessera "&COUNTIF($T$9:$T$21,"NON LETTO") -> tessera 8 · lista 8 · non letti in tessera 0
A8: Esito | B8: N. | C8: Cognome Nome | D8: Tessera | E8: Classifica | F8: Variato | G8: Vivaio | H8: Nazionalità | I8: Cert. medico | J8: ATP/WTA | K8: Schier. | L8: Note | M8: Link tessera | N8: Class. Lista | O8: Class. SGAT | P8: Class. Tess. | Q8: Var. Lista | R8: Var. Tess. | S8: Viv. Lista | T8: Viv. Tess. | U8: Naz. Lista | V8: Cittad. Tess.
A9: ✔ OK | B9: 1 | C9: DURANTI Paolo | D9: 5112313060 | E9: 3.4 | F9: — | G9: No | H9: Italia | I9: Valido | J9: — | K9: 12= | M9: Tessera DURANTI | N9: 3.4 | O9: 3.4 | P9: 3.4 | Q9: — | R9: — | S9: — | T9: No | U9: ITALIA | V9: Italia
A10: NO | B10: 2 | C10: MINGUZZI Alessandro | D10: 0152374097 | E10: 3.4 | F10: T (lista —) | G10: No | H10: Italia | I10: Valido | J10: — | K10: 12= | L10: var: tessera T, lista vuota | M10: Tessera MINGUZZI | N10: 3.4 | O10: 3.4 | P10: 3.4 | Q10: T | R10: T | S10: — | T10: No | U10: ITALIA | V10: Italia
A11: VERIFICA | B11: 3 | C11: TERZI Dante | D11: 8918540161 | E11: 3.3 | F11: — | G11: Sì | H11: Italia | I11: Valido | J11: — | K11: 11 | M11: Tessera TERZI | N11: 3.3 | O11: 3.3 | P11: 3.3 | Q11: — | R11: — | S11: Sì | T11: Sì | U11: ITALIA | V11: Italia
A12: ✔ OK | B12: 4 | C12: SATTA Leonardo | D12: 5296263793 | E12: 3.2 | F12: — | G12: Sì | H12: Italia | I12: Valido | J12: — | K12: 9= | M12: Tessera SATTA | N12: 3.2 | O12: 3.2 | P12: 3.2 | Q12: — | R12: — | S12: Sì | T12: Sì | U12: ITALIA | V12: Italia
A13: ✔ OK | B13: 5 | C13: SPARAGI Federico | D13: 3597453036 | E13: 3.2 | F13: — | G13: Sì | H13: Italia | I13: Valido | J13: — | K13: 9= | M13: Tessera SPARAGI | N13: 3.2 | O13: 3.2 | P13: 3.2 | Q13: — | R13: — | S13: Sì | T13: Sì | U13: ITALIA | V13: Italia
A14: ✔ OK | B14: 6 | C14: MALDINI Nicolo' | D14: 2971244147 | E14: 3.1 | F14: — | G14: Sì | H14: Italia | I14: Valido | J14: — | K14: 8 | M14: Tessera MALDINI | N14: 3.1 | O14: 3.1 | P14: 3.1 | Q14: — | R14: — | S14: Sì | T14: Sì | U14: ITALIA | V14: Italia
A15: ✔ OK | B15: 7 | C15: SATTA Niccolò | D15: 0945920870 | E15: 2.5 | F15: — | G15: Sì | H15: Italia | I15: Valido | J15: — | K15: 7 | M15: Tessera SATTA | N15: 2.5 | O15: 2.5 | P15: 2.5 | Q15: — | R15: — | S15: Sì | T15: Sì | U15: ITALIA | V15: Italia
A16: ✔ OK | B16: 8 | C16: VIRGILI Adelchi | D16: 6134182833 | E16: 2.4 | F16: T | G16: No | H16: Italia | I16: Valido | J16: — | K16: 6 | M16: Tessera VIRGILI | N16: 2.4 | O16: 2.4 | P16: 2.4 | Q16: T | R16: T | S16: — | T16: No | U16: ITALIA | V16: Italia
A17: ✔ OK | B17: 9 | C17: VALLETTA Luigi | D17: 8516054837 | E17: 2.3 | F17: — | G17: Sì | H17: Italia | I17: Valido | J17: 2003 | K17: 5 | M17: Tessera VALLETTA | N17: 2.3 | O17: 2.3 | P17: 2.3 | Q17: — | R17: — | S17: Sì | T17: Sì | U17: ITALIA | V17: Italia
A18: Ok | B18: 10 | C18: FELLIN Pietro Orlando | D18: 0665952541 | E18: Lista 2.2 · Tess NON LETTO | F18: NON LETTO | G18: No | H18: NON LETTO | I18: NON LETTO | J18: 588 | K18: 4 | L18: tessera non letta: classifica, naz., var., viv., cert. medico - rileggere | M18: Tessera FELLIN | N18: 2.2 | O18: 2.2 | P18: N/D | Q18: T | R18: T | S18: — | T18: No | U18: ITALIA | V18: N/D
A19: ✔ OK | B19: 11 | C19: BAGNOLINI Daniel | D19: 2213126219 | E19: 2.1 | F19: — | G19: Sì | H19: Italia | I19: Valido | J19: 1699 | K19: 3 | M19: Tessera BAGNOLINI | N19: 2.1 | O19: 2.1 | P19: 2.1 | Q19: — | R19: — | S19: Sì | T19: Sì | U19: ITALIA | V19: Italia
A20: ✔ OK | B20: 12 | C20: CANIATO Carlo Alberto | D20: 4322441121 | E20: 2.1 | F20: — | G20: Sì | H20: Italia | I20: Valido | J20: 480 | K20: 2 | M20: Tessera CANIATO | N20: 2.1 | O20: 2.1 | P20: 2.1 | Q20: — | R20: — | S20: Sì | T20: Sì | U20: ITALIA | V20: Italia
A21: ✔ OK | B21: 13 | C21: FATIC Nerman | D21: 0000000913 | E21: 2.1 | F21: — | G21: No | H21: Bosnia-Erzegovina | I21: Valido | J21: 439 | K21: 1 | M21: Tessera FATIC | N21: 2.1 | O21: 2.1 | P21: 2.1 | Q21: — | R21: — | S21: — | T21: No | U21: BOSNIA-ERZEGOVINA | V21: Bosnia-Erzegovina

Sheet foglio CS
D2: Palle | E2: Campi | F2: Campi R.
C4: N. | D4: Cognome | E4: Nome | F4: Num. Tessera | G4: Classifica | H4: Variato | I4: Vivaio | J4: Nazionalità | K4: INT 1-500 | L4: INT 501> | M4: Data Nascita | N4: Visita Medica | O4: Sanzionato | P4: Abilitato
C23: N. | D23: Cognome | E23: Nome | F23: Num. Tessera | G23: Classifica | H23: Variato | I23: Vivaio | J23: Nazionalità | K23: INT 1-500 | L23: INT 501> | M23: Data Nascita | N23: Visita Medica | O23: Sanzionato | P23: Abilitato
